<!--

 vera-plugin-tint2 - tint2 plugin for vera
 Copyright (C) 2014  Eugenio "g7" Paolantonio and the Semplice Project
 
 This program is free software: you can redistribute it and/or modify
 it under the terms of the GNU General Public License as published by
 the Free Software Foundation, either version 3 of the License, or
 (at your option) any later version.

 This program is distributed in the hope that it will be useful,
 but WITHOUT ANY WARRANTY; without even the implied warranty of
 MERCHANTABILITY or FITNESS FOR A PARTICULAR PURPOSE.  See the
 GNU General Public License for more details.

 You should have received a copy of the GNU General Public License
 along with this program.  If not, see <http://www.gnu.org/licenses/>.

 Authors:
     Eugenio "g7" Paolantonio <me@medesimo.eu>

-->

<schemalist>
	
	<schema path="/org/semplicelinux/vera/tint2/" id="org.semplicelinux.vera.tint2" gettext-domain="vera-plugin-tint2">
		
		<key name="configuration-file" type="s">
			<default>"/etc/xdg/tint2/semplice-vera.tint2rc"</default>
			<summary>Configuration file</summary>
			<description>The configuration file to use.</description>
		</key>
		
		<key name="first-start" type="b">
			<default>true</default>
			<summary>First start</summary>
			<description>If true, the plugin will do extra checks to properly configure the panel.</description>
		</key>
		
	</schema>

</schemalist>
